proporcao_remocao,acc_log_no_lp,precision_log_no_lp,recall_log_no_lp,f1_log_no_lp,acc_xgb_no_lp,precision_xgb_no_lp,recall_xgb_no_lp,f1_xgb_no_lp,acc_log_lp,precision_log_lp,recall_log_lp,f1_log_lp,acc_xgb_lp,precision_xgb_lp,recall_xgb_lp,f1_xgb_lp
0.0,0.8006944444444445,0.8018694985936217,0.8006944444444445,0.8003497526839245,0.8875,0.8885975458409605,0.8875,0.8873608362196933,0.8006944444444445,0.8018694985936217,0.8006944444444445,0.8003497526839245,0.8875,0.8885975458409605,0.8875,0.8873608362196933
0.5,0.7923611111111111,0.7948965092311473,0.7923611111111111,0.7916827514944559,0.8513888888888889,0.8521468874007937,0.8513888888888889,0.8512338164251207,0.7631944444444444,0.7859166119305586,0.7631944444444444,0.7575894980742378,0.8104166666666667,0.8218802398713475,0.8104166666666667,0.8083183156483709
0.75,0.7715277777777778,0.7734186097034433,0.7715277777777778,0.7708879340239537,0.8326388888888889,0.8332921179692531,0.8326388888888889,0.8324719416291205,0.6861111111111111,0.7232083143334853,0.6861111111111111,0.6706129763733449,0.7465277777777778,0.7681073269457797,0.7465277777777778,0.7404151300451821
