proporcao_remocao,acc_log_no_lp,precision_log_no_lp,recall_log_no_lp,f1_log_no_lp,acc_xgb_no_lp,precision_xgb_no_lp,recall_xgb_no_lp,f1_xgb_no_lp,acc_chatgpt_zero_no_lp,prec_chatgpt_zero_no_lp,rec_chatgpt_zero_no_lp,f1_chatgpt_zero_no_lp,acc_log_lp,precision_log_lp,recall_log_lp,f1_log_lp,acc_xgb_lp,precision_xgb_lp,recall_xgb_lp,f1_xgb_lp,acc_chatgpt_zero_lp,prec_chatgpt_zero_lp,rec_chatgpt_zero_lp,f1_chatgpt_zero_lp
0.0,0.79375,0.795333444306215,0.79375,0.7932893138445865,0.8618055555555556,0.8630829116123234,0.8618055555555556,0.8615981475600566,0.4979166666666667,0.24792100694444447,0.4979166666666667,0.3310210941121929,0.79375,0.795333444306215,0.79375,0.7932893138445865,0.8618055555555556,0.8630829116123234,0.8618055555555556,0.8615981475600566,0.4979166666666667,0.24792100694444447,0.4979166666666667,0.3310210941121929
