proporcao_remocao,acc_gpt_lp,precision_gpt_lp,recall_gpt_lp,f1_gpt_lp,acc_gpt_no_lp,precision_gpt_no_lp,recall_gpt_no_lp,f1_gpt_no_lp
0.0,0.9506944444444444,0.9518005288318262,0.9506944444444444,0.9506852894740354,,,,
0.5,0.51875,0.7527894736842105,0.51875,0.36541733274083993,,,,
0.75,0.7784722222222222,0.8267405278532876,0.7784722222222222,0.7690225407220035,,,,
0.0,,,,,0.9506944444444444,0.9518005288318262,0.9506944444444444,0.9506852894740354
0.5,,,,,0.9527777777777777,0.952876050998336,0.9527777777777777,0.9527809663079007
0.75,,,,,0.9423611111111111,0.9426945416008329,0.9423611111111111,0.9423637518134945
